nombre;PATENTE
1.jpg;IIR 052
2.jpg;AE 451 UX
3.jpg;AB 665 BT
4.jpg;AE 857 JB
5.jpg;AB 227 TR
6.jpg;DZA 983
7.jpg;NLM 388
8.jpg;HPI 613
9.jpg;GGX 856
10.jpg;IPJ 502
11.jpg;AA 494 NU
12.jpg;AD 854 VQ
13.jpg;AD 844 FK
14.jpg;LTG 539
15.jpg;IMY 001
16.jpg;AF 850 PR
17.jpg;IWS 246
18.jpg;MFP 873
19.jpg;AE 838 YS
20.jpg;AE 436 IF
21.jpg;PPS 719
22.jpg;KVN 493
23.jpg;HDJ 303
24.jpg;AG 038 NW
25.jpg;GFGO 361
26.jpg;LPN 995
27.jpg;EAG 335
28.jpg;HSP 180
29.jpg;JZS 392
30.jpg;LAN 768
31.jpg;AA 408 SJ
32.jpg;AE 596 UU
33.jpg;JSD 447
34.jpg;LVU 367
35.jpg;GNK 623
36.jpg;GYL 128
37.jpg;MDX 641
38.jpg;FLA 666
39.jpg;MJL 642
40.jpg;AE 676 YA
41.jpg;JJA 466
42.jpg;GVD 493
43.jpg;OGH 327
44.jpg;LZL 957
45.jpg;PNZ 327
46.jpg;MFR 609
47.jpg;CLK 800
48.jpg;JZS 070
49.jpg;OSN 537
50.jpg;IEH 748
51.jpg;AH 631 RP
52.jpg;SMM 447
53.jpg;OME 144
54.jpg;AE 442 HP
55.jpg;AC 167 CZ
56.jpg;LKT 759
57.jpg;AA 706 IQ
58.jpg;IXR 532
59.jpg;AC 714 UB
60.jpg;AA 793 HD
61.jpg;ONV 290
62.jpg;ODG 729
63.jpg;AF 024 CX
64.jpg;GQP 571
65.jpg;MSH 240
66.jpg;DYK 971
67.jpg;AE 010 MV
68.jpg;DXI 053
69.jpg;JTW 688
70.jpg;PBP 476
71.jpg;MVG 510
72.jpg;NHN 385
73.jpg;KSL 105
74.jpg;CBL 759
75.jpg;IVI 777
76.jpg;AF 190 NN
77.jpg;GYQ 936
78.jpg;FDY 771
79.jpg;BUR 062
80.jpg;AD 900 UF
81.jpg;OHE 460
82.jpg;KQH 776
83.jpg;MOA 761
84.jpg;AE 050 NW
85.jpg;JVT 579
86.jpg;MZM 924
87.jpg;JAD 148
88.jpg;WIR 373
89.jpg;AA 907 WP
90.jpg;AD 912 QO
91.jpg;LQP 914
92.jpg;AB 921 KQ
93.jpg;JSI 671
94.jpg;GRA 089
95.jpg;AA 615 AE
96.jpg;AG 670 MG
97.jpg;PGE 881
98.jpg;WCH 671
99.jpg;AE 596 UD
100.jpg;AH 052 PZ
101.jpg;OEP 936
102.jpg;AB 966 ZK
103.jpg;HUV 196
104.jpg;AD 970 JU
105.jpg;GLZ 975
106.jpg;EKQ 797
107.jpg;NBD 979
108.jpg;HMC 082
109.jpg;AF 981 TW
110.jpg;KIB 159
111.jpg;AA 357 DK
112.jpg;PQI 320
113.jpg;AF 663 EN
114.jpg;KWH 208
115.jpg;AAR 813
116.jpg;KTN 134
117.jpg;KQS 658
118.jpg;GWM 642
119.jpg;GRU 758
120.jpg;MTU 382
121.jpg;FRV 393
122.jpg;AH 464 SD
123.jpg;HZB 209
124.jpg;CUS 510
125.jpg;AA 098 NZ
126.jpg;B 302 PS
127.jpg;JXR 097
128.jpg;AF 269 LS
129.jpg;LRZ 274
130.jpg;AA 559 HX
131.jpg;AG 729 DT
132.jpg;TJR 807
133.jpg;LCD 126
134.jpg;TWA 746
135.jpg;SEU 317
136.jpg;AE 300 SX
137.jpg;JVI 857
138.jpg;AG 023 ES
139.jpg;AG 825 IS
140.jpg;MYS 880
141.jpg;MMR 054
142.jpg;AH 631 RP
143.jpg;THI 756
144.jpg;LIY 356
145.jpg;PFS 821
146.jpg;AC 037 ET
147.jpg;FGC 974
148.jpg;AC 155 PA
149.jpg;OBF 641
150.jpg;AB 527 DU
151.jpg;SGN 249
152.jpg;AE 180 QO
153.jpg;ORP 280
154.jpg;DTD 984
155.jpg;KQX 625
156.jpg;AH 654 BF
157.jpg;NCU 260
158.jpg;MGF 381
159.jpg;JZR 095
160.jpg;AF 610 KP
161.jpg;MVG 484
162.jpg;GWU 112
163.jpg;GOX 845
164.jpg;SCG 867
165.jpg;AC 724 JX
166.jpg;BQA 753
167.jpg;NZK 300
168.jpg;AG 719 VG
169.jpg;AF 286 IL
170.jpg;MUR 386
171.jpg;AA 000 DZ
172.jpg;MUF 576
173.jpg;FPR 421
174.jpg;HUC 811
175.jpg;MHY 852
176.jpg;OVZ 758
177.jpg;AD 235 IG
178.jpg;WMB 956
179.jpg;IWI 930
180.jpg;LLV 152
181.jpg;AE 442 HS
182.jpg;ONV 597
183.jpg;AH 647 IA
184.jpg;LXZ 060
185.jpg;AA 215 IQ
186.jpg;HHU 036
187.jpg;GTN 078
188.jpg;MPK 057
189.jpg;AD 154 AH
190.jpg;KZU 945
191.jpg;AC 084 DN
192.jpg;NCV 323
193.jpg;JZO 441
194.jpg;PJE 691
195.jpg;MWE 304
196.jpg;AE 814 HS
197.jpg;GPC 918
198.jpg;KIL 536
199.jpg;JIX 319
200.jpg;AC 560 SP
201.jpg;OJN 394
202.jpg;AG 540 SB
203.jpg;EHO 063
204.jpg;JFO 526
205.jpg;AD 985 YH
206.jpg;EOW 732
207.jpg;KFK 866
208.jpg;AA 506 XE
209.jpg;EXX 654
210.jpg;NDM 092
211.jpg;JTS 847
212.jpg;AH 142 WJ
213.jpg;PFA 075
214.jpg;AE 128 PH
215.jpg;MIC 141
216.jpg;LWX 127
217.jpg;HGS 492
218.jpg;AB 547 KA
219.jpg;AE 228 QY
220.jpg;GCB 644
221.jpg;AD 079 JR
222.jpg;ENM 818
223.jpg;KQX 236
224.jpg;HVT 669
225.jpg;IBP 731
226.jpg;AG 278 QE
227.jpg;LTV 831
228.jpg;JUB 290
229.jpg;LMR 865
230.jpg;AG 984 YZ
231.jpg;HOU 398
232.jpg;JTY 284
233.jpg;NSD 055
234.jpg;PNZ 607
235.jpg;KOR 708
236.jpg;ALX 912
237.jpg;HFO 412
238.jpg;LAH 738
239.jpg;MGX 067
240.jpg;FYF 499
241.jpg;GNK 329
242.jpg;AE 547 ES
243.jpg;AC 337 DW
244.jpg;MTT 812
245.jpg;HVP 745
246.jpg;KLN 208
247.jpg;AD 479 BL
248.jpg;AD 175 CW
249.jpg;ICV 529
250.jpg;JWG 951
251.jpg;MZD 274
252.jpg;JTA 809
253.jpg;DGS 299
254.jpg;JQQ 582
255.jpg;DTU 190
256.jpg;HYY 635
257.jpg;UUR 362
258.jpg;GLQ 885
259.jpg;CJO 571
260.jpg;OJB 297
261.jpg;AB 999 NT
262.jpg;HZQ 636
263.jpg;IKL 968
264.jpg;AA 906 LD
265.jpg;AH 199 GD
266.jpg;AD 857 YB
267.jpg;AG 491 WF
268.jpg;LPB 978
269.jpg;NUM 969
270.jpg;OCF 763
271.jpg;NAL 278
272.jpg;GYH 517
273.jpg;AA 652 PU
274.jpg;AH 638 RQ
275.jpg;AA 400 XY
276.jpg;AD 997 IC
277.jpg;KFU 681
278.jpg;NTN 564
279.jpg;AC 837 MA
280.jpg;AA 254 IU 
281.jpg;KJR 498
282.jpg;TDD 771
283.jpg;LUP 733
284.jpg;AB 083 NB
285.jpg;AG 934 VD
286.jpg;AA 705 TM
287.jpg;AG 737 ZR
288.jpg;IQS 290
289.jpg;LMS 490
290.jpg;GID 330
291.jpg;KTC 145
292.jpg;OCA 581
293.jpg;AF 627 GD
294.jpg;AG 321 FX
295.jpg;CSO 706
296.jpg;BPZ 602
297.jpg;UTW 359
298.jpg;LNQ 590
299.jpg;FPN 421
300.jpg;FMU 086
301.jpg;AG 016 XJ
302.jpg;AB 845 NS
303.jpg;POS 810
304.jpg;AG 071 CE
305.jpg;AC 998 DO
306.jpg;AB 480 MC
307.jpg;AD 441 FV
308.jpg;NZN 263
309.jpg;AC 895 UB
310.jpg;NCO 676
311.jpg;ICC 369
312.jpg;AE 436 IE
313.jpg;HOC 344
314.jpg;AC 070 OY
315.jpg;AB 038 WT
316.jpg;PFS 058
317.jpg;GQP 794
318.jpg;AC 590 AC
319.jpg;IEL 067
320.jpg;FOK 872
321.jpg;IZB 880
322.jpg;MWC 381
323.jpg;PHJ 794
324.jpg;MZD 073
325.jpg;AF 791 QJ
326.jpg;LSJ 920
327.jpg;EAG 670
328.jpg;AC 472 FU
329.jpg;AB 699 WH
330.jpg;AG 561 TY
331.jpg;JHU 128
332.jpg;LCU 887
333.jpg;AE 547 EV
334.jpg;JGE 729
335.jpg;AA 075 ZG
336.jpg;AH 115 OW
337.jpg;OHM 656
338.jpg;DQH 756
339.jpg;HJV 354
340.jpg;AE 985 WV
341.jpg;AH 560 GB
342.jpg;AB 407 BV
343.jpg;AB 751 BW
344.jpg;AMQ 110
345.jpg;AA 357 DK
346.jpg;GFBC 902
347.jpg;AD 189 FC
348.jpg;AE 033 BL
349.jpg;EAT 003
350.jpg;AA 080 RI
351.jpg;FPF 478
352.jpg;JVD 635
353.jpg;IGY 094
354.jpg;KCJ 388
355.jpg;BZI 236
356.jpg;PBH 709
357.jpg;JKD 848
358.jpg;AA 438 ZS
359.jpg;AC 576 LC
360.jpg;NDI 723
361.jpg;PMF 736
362.jpg;CGS 072
363.jpg;AC 989 YK
364.jpg;GFO 515
365.jpg;AE 052 PA
366.jpg;AG 295 NG
367.jpg;AC 490 HD
368.jpg;SQG 805
369.jpg;KJU 185
370.jpg;OIX 993
371.jpg;AE 637 DO
372.jpg;KWH 869
373.jpg;AG 037 AV
374.jpg;HDO 293
375.jpg;HEG 782
376.jpg;AC 318 CE
377.jpg;AF 208 EH
378.jpg;HQU 419
379.jpg;AD 716 TL
380.jpg;AD 541 QA
381.jpg;CVT 558
382.jpg;GOP 463
383.jpg;AA 472 AP
384.jpg;AH 616 SV
385.jpg;AD 731 FZ
386.jpg;DVS 312
387.jpg;AD 481 NC
388.jpg;SYQ 451
389.jpg;AG 227 CH
390.jpg;PFD 464
391.jpg;NTH 212
392.jpg;AE 637 OH
393.jpg;NVM 031
394.jpg;AF 417 GX
395.jpg;AC 412 LZ
396.jpg;LPS 929
397.jpg;AG 109 MK
398.jpg;AA 912 FL
399.jpg;AG 415 NO
400.jpg;JCA 832
401.jpg;KKT 891
402.jpg;AG 295 NP
403.jpg;AD 268 IR
404.jpg;PES 861
405.jpg;KEN 025
406.jpg;SAL 083
407.jpg;FYK 441
408.jpg;AB 246 WV
409.jpg;MMT 056
410.jpg;AD 258 RB
411.jpg;AH 016 NC
412.jpg;AH 722 ZZ
413.jpg;PKM 684
414.jpg;AE 052 NC
415.jpg;AD 310 WV
416.jpg;KNK 831
417.jpg;AH 504 KS
418.jpg;PFY 206
419.jpg;AD 149 DO
420.jpg;HRV 114
421.jpg;AF 822 YL
422.jpg;AE 308 WE
423.jpg;AC 134 UF
424.jpg;MWE 186
425.jpg;HMV 015
426.jpg;PBM 750
427.jpg;GZT 737 
428.jpg;AF 290 VF
429.jpg;OPN 257
430.jpg;OGA 351
431.jpg;AA 247 OK
432.jpg;LOS 601
433.jpg;JXD 658
434.jpg;FIX 950
435.jpg;AH 616 SC
436.jpg;AF 734 LC
437.jpg;LPJ 843
438.jpg;AE 138 XO
439.jpg;AE 155 EI
440.jpg;AD 163 HY
441.jpg;JDV 230
442.jpg;AH 241 YA
443.jpg;IVK 184
444.jpg;GFF 152
445.jpg;HTS 921
446.jpg;KHD 084
447.jpg;AE 505 EG
448.jpg;AF 380 EA
449.jpg;AE 050 XU
450.jpg;AF 375 BR
451.jpg;LXB 778
452.jpg;GNG 203
453.jpg;AD 668 XJ
454.jpg;IAP 806
455.jpg;JDR 440
456.jpg;HYN 092
457.jpg;AA 439 AD
458.jpg;NIM 699
459.jpg;FNY 985
460.jpg;AB 664 QO
461.jpg;GWE 004
462.jpg;KZM 654
463.jpg;LES 254
464.jpg;AC 992 BS
465.jpg;DHJ 180
466.jpg;AC 694 JA
467.jpg;AF 960 LP
468.jpg;HFV 077
469.jpg;AF 522 SD
470.jpg;AE 505 EM
471.jpg;AG 756 WZ
472.jpg;AC 029 NR
473.jpg;DTB 161
474.jpg;AE 453 OL
475.jpg;NVM 296
476.jpg;IGS 022
477.jpg;AF 776 NR
478.jpg;JQD 071
479.jpg;AF 627 GB
480.jpg;AB 038 WV 
481.jpg;GTV 516
482.jpg;OZG 316
483.jpg;OTC 002
484.jpg;ERS 219
485.jpg;EVL 139
486.jpg;AD 354 HB
487.jpg;EVAV 008
488.jpg;FWA 013
489.jpg;AH 103 MM
490.jpg;AA 038 JI
491.jpg;FMR 094
492.jpg;AA 339 SM
493.jpg;AB 481 VX
494.jpg;LNU 295
495.jpg;AD 970 JN
496.jpg;IOX 517
497.jpg;AB 577 NX
498.jpg;NHS 113
499.jpg;AH 209 WG
500.jpg;KFE 004
501.jpg;AE 428 YD
502.jpg;AD 562 UD
503.jpg;NFK 838
504.jpg;AG 685 RQ
505.jpg;SHM 433
506.jpg;GBI 160
507.jpg;AB 886 VV
508.jpg;AG 628 OM
509.jpg;AD 067 PL
510.jpg;MGJ 522
511.jpg;AF 986 XK
512.jpg;FHR 960
513.jpg;PDI 446
514.jpg;AE 257 LV
515.jpg;HZS 426
516.jpg;JSE 348
517.jpg;NKW 800
518.jpg;NUM 969
519.jpg;EOY 339
520.jpg;AE 976 AZ
521.jpg;AC 046 ZL
522.jpg;AB 357 FN
523.jpg;JTA 822
524.jpg;IEJ 329
525.jpg;AE 481 PJ
526.jpg;MRT 164
527.jpg;AF 809 GM
528.jpg;CYI 743
529.jpg;KKC 257
530.jpg;AC 338 YR
531.jpg;COC 786
532.jpg;AC 361 JH
533.jpg;MZN 297
534.jpg;KXZ 233
535.jpg;AB 798 YB
536.jpg;OSU 455
537.jpg;AH 422 VP
538.jpg;AG 102 QG
539.jpg;IYO 595
540.jpg;AC 193 IT
541.jpg;PDM 759
542.jpg;ILP 766
543.jpg;FFU 792
544.jpg;MMX 342
545.jpg;LQD 837
546.jpg;AA 330 FP
547.jpg;AF 859 DQ
548.jpg;EZL 104
549.jpg;AG 049 KX
550.jpg;AD 620 JW
551.jpg;AH 654 BX
552.jpg;AA 442 RR
553.jpg;OYA 771
554.jpg;SCG 345
555.jpg;AF 794 NL
556.jpg;ODX 209
557.jpg;LOU 536
558.jpg;IPE 774
559.jpg;JCR 363
560.jpg;AA 517 PD
561.jpg;AF 938 MW
562.jpg;AA 909 CS
563.jpg;MUR 305
564.jpg;NIZ 835
565.jpg;AE 921 WB
566.jpg;KKH 865
567.jpg;ITP 601
568.jpg;HPP 275
569.jpg;FXI 518
570.jpg;AC 848 SZ
571.jpg;AB 966 TL
572.jpg;HMG 812
573.jpg;AD 655 BH
574.jpg;PHK 197
575.jpg;AG 844 JU
576.jpg;OXB 649
577.jpg;AB 304 KV
578.jpg;DHT 424
579.jpg;AA 247 LN
580.jpg;AD 879 CF
581.jpg;KAO 570
582.jpg;UWT 251
583.jpg;AE 447 VB
584.jpg;AVY 025
585.jpg;AC 040 DI
586.jpg;AF 415 II
587.jpg;SQT 291
588.jpg;AG 601 BO
589.jpg;IRV 791
590.jpg;NVV 905
591.jpg;LPC 676
592.jpg;AA 119 UZ
593.jpg;AC 084 EQ
594.jpg;AC 985 CY
595.jpg;AC 880 ZH
596.jpg;AE 194 BY
597.jpg;JRL 612
598.jpg;FMN 765
599.jpg;AB 671 EW
600.jpg;AC 991 KU
601.jpg;MUK 554
602.jpg;INI 790
603.jpg;GBU 777
604.jpg;AB 700 LW
605.jpg;DPN 509
606.jpg;AH 283 TR
607.jpg;AH 317 PO
608.jpg;IOV 472
609.jpg;NAJ 058
610.jpg;INF 790
611.jpg;HAX 697
612.jpg;KQG 735
613.jpg;AA 389 ZW
614.jpg;AE 516 TS
615.jpg;BAU 540
616.jpg;HSK 197
617.jpg;AA 652 PU
618.jpg;AD 218 CQ
619.jpg;IQN 094
620.jpg;PLK 374
621.jpg;IGK 437
622.jpg;EPR 610
623.jpg;LLY 364
624.jpg;AG 693 TW
625.jpg;CSZ 273
626.jpg;NTF 339
627.jpg;AG 705 KE
628.jpg;AE 428 YI
629.jpg;GOV 188
630.jpg;AB 245 ZQ
631.jpg;JEI 521
632.jpg;AE 014 CL
633.jpg;AH 125 NV
634.jpg;AE 365 HN
635.jpg;AF 465 XX
636.jpg;IYG 667
637.jpg;AA 813 LO
638.jpg;AH 025 RV
639.jpg;HFY 223
640.jpg;GDO 726
641.jpg;AF 705 ZA
642.jpg;MOE 603
643.jpg;AE 170 QY
644.jpg;NRH 613
645.jpg;OBF 641
646.jpg;FYX 484
647.jpg;AG 406 GD
648.jpg;MBL 093
649.jpg;MAK 942
650.jpg;OZR 278
651.jpg;AE 770 XU
652.jpg;LTV 999
653.jpg;AF 822 YZ
654.jpg;AG 582 MQ
655.jpg;AA 099 LB
656.jpg;AG 991 XU
657.jpg;AG 395 EF
658.jpg;MYB 820
659.jpg;AB 212 WJ
660.jpg;KTJ 832
661.jpg;NFB 349
662.jpg;JYZ 188
663.jpg;KDP 555
664.jpg;KSY 222
665.jpg;JFV 046
666.jpg;PIK 766
667.jpg;MQO 506
668.jpg;AB 747 SC
669.jpg;AH 177 YJ
670.jpg;MVB 934
671.jpg;AD 441 EP
672.jpg;AC 139 HU
673.jpg;ORK 727
674.jpg;NKA 608
675.jpg;AC 871 NC
676.jpg;CWA 111
677.jpg;AC 535 KC
678.jpg;AH 464 SI
679.jpg;AH 122 XG
680.jpg;OGH 332
681.jpg;NBG 655
682.jpg;JRV 901
683.jpg;ETQ 142
684.jpg;AD 149 DH
685.jpg;CGW 466
686.jpg;AH 065 VU
687.jpg;AC 624 KP
688.jpg;LRK 467
689.jpg;AG 589 QK
690.jpg;AH 723 JN
691.jpg;NBA 639
692.jpg;EDA 604
693.jpg;OCR 770
694.jpg;AE 644 AQ
695.jpg;KLD 577
696.jpg;LDG 598
697.jpg;DBT 123
698.jpg;AB 958 ZW
699.jpg;AD 614 IQ
700.jpg;IOU 611
701.jpg;AE 368 CT
702.jpg;OKI 610
703.jpg;AE 074 XL
704.jpg;MBH 142
705.jpg;HSU 963
706.jpg;OKQ 173
707.jpg;OKQ 173
708.jpg;AA 180 ZG
709.jpg;AH 693 BX
710.jpg;JRN 790
711.jpg;IDY 690
712.jpg;AE 238 SE
713.jpg;AH 575 FO
714.jpg;AF 912 VE
715.jpg;MUB 759
716.jpg;LSZ 444
717.jpg;AE 257 VK
718.jpg;AC 780 QY
719.jpg;LWA 311
720.jpg;GNV 951
721.jpg;AG 195 UT
722.jpg;FSD 647
723.jpg;AG 157 JZ
724.jpg;AG 278 IC
725.jpg;IEO 882
726.jpg;AG 705 KS
727.jpg;FFM 885
728.jpg;AE 221 KQ
729.jpg;AA 474 YI
730.jpg;AD 545 AP
731.jpg;LUC 635
732.jpg;AG 237 ZC
733.jpg;FCW 272
734.jpg;AH 390 IB
735.jpg;AH 638 PN
736.jpg;MWX 981
737.jpg;MCA 518
738.jpg;AG 874 JS
739.jpg;AF 128 GC
740.jpg;AF 010 FC
741.jpg;LLR 674
742.jpg;PMS 278
743.jpg;AE 108 CS
744.jpg;LJD 587
745.jpg;AA 828 BC
746.jpg;MGL 134
747.jpg;GHJ 453
748.jpg;AC 467 DK
749.jpg;LMS 482
750.jpg;AD 210 QL
751.jpg;AE 526 WT
752.jpg;AD 711 FP
753.jpg;EIK 591
754.jpg;AG 750 CK
755.jpg;AC 355 DH
756.jpg;NUD 175
757.jpg;AG 976 QO
758.jpg;AC 468 MK
759.jpg;KVM 598
760.jpg;LHJ 338
761.jpg;NHQ 634
762.jpg;BYI 835
763.jpg;GPC 918
764.jpg;AA 484 CQ
765.jpg;PAE 499
766.jpg;NGM 331
767.jpg;AB 156 IG
768.jpg;AF 701 OB
769.jpg;AG 345 TG
770.jpg;IJK 226
771.jpg;AE 518 IG
772.jpg;AD 170 CG
773.jpg;HMG 854
774.jpg;MHY 368
775.jpg;AF 790 PD
776.jpg;AF 696 LE
777.jpg;AD 262 GY
778.jpg;AHC 949
779.jpg;JGS 547
780.jpg;MMR 212
781.jpg;MRX 473
782.jpg;IGO 864
783.jpg;JVG 478
784.jpg;JDV 063
785.jpg;LTW 170
786.jpg;AE 584 WW
787.jpg;AC 332 VA
788.jpg;AA 206 MF
789.jpg;AD 547 NH
790.jpg;AF 194 CF
791.jpg;AB 332 PS
792.jpg;AC 743 RM
793.jpg;LLV 063
794.jpg;PGE 289
795.jpg;NYP 226
796.jpg;AE 921 XQ
797.jpg;AF 393 QV
798.jpg;CQW 358
799.jpg;CQW 358
800.jpg;AE 989 WX
801.jpg;AF 577 CF
802.jpg;AG 305 EY
803.jpg;IRE 410
804.jpg;AG 422 IG
805.jpg;AC 715 OF
806.jpg;OSR 569
807.jpg;AF 025 PA
808.jpg;IVE 260
809.jpg;AD 023 HW
810.jpg;AF 208 ET
811.jpg;CWW 082
812.jpg;IAJ 684
813.jpg;AG 395 FP
814.jpg;AA 046 FQ
815.jpg;AA 126 ER
816.jpg;EIP 439
817.jpg;GCK 324
818.jpg;AA 762 EW
819.jpg;AB 150 HR
820.jpg;LMW 318
821.jpg;HPO 847
822.jpg;ERV 506
823.jpg;LCI 620
824.jpg;AH 723 IQ
825.jpg;ERV 995
826.jpg;AG 564 MC
827.jpg;MWZ 294
828.jpg;SEU 317
829.jpg;LAK 562
830.jpg;KVD 635
831.jpg;MWX 719
832.jpg;ERP 242
833.jpg;KIL 660
834.jpg;AE 434 FG
835.jpg;RNP 110
836.jpg;GLQ 384
837.jpg;NDZ 647
838.jpg;AF 290 VT
839.jpg;AE 931 HZ
840.jpg;MXY 531
841.jpg;AB 363 KM
842.jpg;JKK 675
843.jpg;EMY 221
844.jpg;AE 281 YA
845.jpg;GRV 415
846.jpg;FRQ 376
847.jpg;AE 676 ZA
848.jpg;AH 220 VQ
849.jpg;KTM 232
850.jpg;FTC 718
